Workbook

Sheet cms
A1: ვებტექნოლოგიები, ჯგუფი: 12-2024 | F1: 2 | H1: 2 | J1: 2 | L1: 2 | N1: 2 | P1: 4 | T1: 2 | V1: 4 | Z1: 2 | AB1: 4 | AF1: 2 | AH1: 4 | AL1: 2 | AN1: 4 | AR1: 2 | AT1: 4 | AX1: 2 | AZ1: 4 | BD1: 2 | BF1: 4 | BJ1: 2 | BL1: 4 | BR1: 4 | BV1: 2 | BX1: 5 | CC1: 2 | CE1: 5 | CJ1: 2 | CL1: 5 | CQ1: 7 | CX1: 5 | DC1: 7 | DJ1: 5 | DO1: 6 | DU1: =SUM(F1:DT1) -> 117
E2: რიცხვი | F2: 46111 | G2: 46111 | H2: 46113 | I2: 46113 | J2: 46115 | K2: 46115 | L2: 46118 | M2: 46118 | N2: 46127 | O2: 46127 | P2: 46134 | Q2: 46134 | R2: 46134 | S2: 46134 | T2: 46136 | U2: 46136 | V2: 46141 | W2: 46141 | X2: 46141 | Y2: 46141 | Z2: 46143 | AA2: 46143 | AB2: 46148 | AC2: 46148 | AD2: 46148 | AE2: 46148 | AF2: 46150 | AG2: 46150 | AH2: 46155 | AI2: 46155 | AJ2: 46155 | AK2: 46155 | AL2: 46157 | AM2: 46157 | AN2: 46162 | AO2: 46162 | AP2: 46162 | AQ2: 46162 | AR2: 46164 | AS2: 46164 | AT2: 46169 | AU2: 46169 | AV2: 46169 | AW2: 46169 | AX2: 46171 | AY2: 46171 | AZ2: 46176 | BA2: 46176 | BB2: 46176 | BC2: 46176 | BD2: 46178 | BE2: 46178 | BF2: 46183 | BG2: 46183 | BH2: 46183 | BI2: 46183 | BJ2: 46185 | BK2: 46185 | BL2: 46190 | BM2: 46190 | BN2: 46190 | BO2: 46190 | BP2: 46192 | BQ2: 46192 | BR2: 46197 | BS2: 46197 | BT2: 46197 | BU2: 46197 | BV2: 46199 | BW2: 46199 | BX2: 46204 | BY2: 46204 | BZ2: 46204 | CA2: 46204 | CB2: 46204 | CC2: 46206 | CD2: 46206 | CE2: 46211 | CF2: 46211 | CG2: 46211 | CH2: 46211 | CI2: 46211 | CJ2: 46213 | CK2: 46213 | CL2: 46218 | CM2: 46218 | CN2: 46218 | CO2: 46218 | CP2: 46218 | CQ2: 46220 | CR2: 46220 | CS2: 46220 | CT2: 46220 | CU2: 46220 | CV2: 46220 | CW2: 46220 | CX2: 46225 | CY2: 46225 | CZ2: 46225 | DA2: 46225 | DB2: 46225 | DC2: 46227 | DD2: 46227 | DE2: 46227 | DF2: 46227 | DG2: 46227 | DH2: 46227 | DI2: 46227 | DJ2: 46232 | DK2: 46232 | DL2: 46232 | DM2: 46232 | DN2: 46232 | DO2: 46234 | DP2: 46234 | DQ2: 46234 | DR2: 46234 | DS2: 46234 | DT2: 46234
A3: ვებგვერდის მართვის სისტემები cms
A4: პროფესიული განათლების მასწავლებელი | C4: ლევან ჭუმბურიძე
A5: საკონტაქტო საათები | C5: 110
A6: შეფასება | C6: 7
A7: დამოუკიდებელი | C7: 8
A8: სულ-საათების ჯამური რაოდენობა | C8: =SUM(C5:D7) -> 125 | F8: 1 | G8: 2 | H8: 3 | I8: 4 | J8: 5 | K8: 6 | L8: 7 | M8: 8 | N8: 9 | O8: 10 | P8: 11 | Q8: 12 | R8: 13 | S8: 14 | T8: 15 | U8: 16 | V8: 17 | W8: 18 | X8: 19 | Y8: 20 | Z8: 21 | AA8: 22 | AB8: 23 | AC8: 24 | AD8: 25 | AE8: 26 | AF8: 27 | AG8: 28 | AH8: 29 | AI8: 30 | AJ8: 31 | AK8: 32 | AL8: 33 | AM8: 34 | AN8: 35 | AO8: 36 | AP8: 37 | AQ8: 38 | AR8: 39 | AS8: 40 | AT8: 41 | AU8: 42 | AV8: 43 | AW8: 44 | AX8: 45 | AY8: 46 | AZ8: 47 | BA8: 48 | BB8: 49 | BC8: 50 | BD8: 51 | BE8: 52 | BF8: 53 | BG8: 54 | BH8: 55 | BI8: 56 | BJ8: 57 | BK8: 58 | BL8: 59 | BM8: 60 | BN8: 61 | BO8: 62 | BP8: 63 | BQ8: 64 | BR8: 65 | BS8: 66 | BT8: 67 | BU8: 68 | BV8: 69 | BW8: 70 | BX8: 71 | BY8: 72 | BZ8: 73 | CA8: 74 | CB8: 75 | CC8: 76 | CD8: 77 | CE8: 78 | CF8: 79 | CG8: 80 | CH8: 81 | CI8: 82 | CJ8: 83 | CK8: 84 | CL8: 85 | CM8: 86 | CN8: 87 | CO8: 88 | CP8: 89 | CQ8: 90 | CR8: 91 | CS8: 92 | CT8: 93 | CU8: 94 | CV8: 95 | CW8: 96 | CX8: 97 | CY8: 98 | CZ8: 99 | DA8: 100 | DB8: 101 | DC8: 102 | DD8: 103 | DE8: 104 | DF8: 105 | DG8: 106 | DH8: 107 | DI8: 108 | DJ8: 109 | DK8: 110 | DL8: 111 | DM8: 112 | DN8: 113 | DO8: 114 | DP8: 115 | DQ8: 116 | DR8: 117 | DS8: 118 | DT8: 119
A9: N | B9: სახელი გვარი | C9: გაცდენილი საათები
D10: სულ | E10: % | F10: 1 | G10: 1 | H10: 1 | I10: 1 | J10: 1 | K10: 1 | L10: 1 | M10: 1 | N10: 1 | O10: 1 | P10: 1 | Q10: 1 | R10: 1 | S10: 1 | T10: 1 | U10: 1 | V10: 1 | W10: 1 | X10: 1 | Y10: 1 | Z10: 1 | AA10: 1 | AB10: 1 | AC10: 1 | AD10: 1 | AE10: 1 | AF10: 1 | AG10: 1 | AH10: 1 | AI10: 1 | AJ10: 1 | AK10: 1 | AL10: 1 | AM10: 1 | AN10: 1 | AO10: 1 | AP10: 1 | AQ10: 1 | AR10: 1 | AS10: 1 | AT10: 1 | AU10: 1 | AV10: 1 | AW10: 1 | AX10: 1 | AY10: 1 | AZ10: 1 | BA10: 1 | BB10: 1 | BC10: 1 | BD10: 1 | BE10: 1 | BF10: 1 | BG10: 1 | BH10: 1 | BI10: 1 | BJ10: 1 | BK10: 1 | BL10: 1 | BM10: 1 | BN10: 1 | BO10: 1 | BP10: 1 | BQ10: 1 | BR10: 1 | BS10: 1 | BT10: 1 | BU10: 1 | BV10: 1 | BW10: 1 | BX10: 1 | BY10: 1 | BZ10: 1 | CA10: 1 | CB10: 1 | CC10: 1 | CD10: 1 | CE10: 1 | CF10: 1 | CG10: 1 | CH10: 1 | CI10: 1 | CJ10: 1 | CK10: 1 | CL10: 1 | CM10: 1 | CN10: 1 | CO10: 1 | CP10: 1 | CQ10: 1 | CR10: 1 | CS10: 1 | CT10: 1 | CU10: 1 | CV10: 1 | CW10: 1 | CX10: 1 | CY10: 1 | CZ10: 1 | DA10: 1 | DB10: 1 | DC10: 1 | DD10: 1 | DE10: 1 | DF10: 1 | DG10: 1 | DH10: 1 | DI10: 1 | DJ10: 1 | DK10: 1 | DL10: 1 | DM10: 1 | DN10: 1 | DO10: 1 | DP10: 1 | DQ10: 1 | DR10: 1 | DS10: 1 | DT10: 1
A11: 1 | B11: ბერიაშვილი | C11: ცოტნე | D11: =COUNT(F11:DT11) -> 15 | E11: =D11/C5 -> 0.13636364 | F11: 0 | H11: 0 | I11: 0 | J11: 0 | Z11: 0 | AA11: 0 | AB11: 0 | AN11: 0 | AR11: 0 | AX11: 0 | AZ11: 0 | BD11: 0 | BL11: 0 | BR11: 0 | CX11: 0
A12: 3 | B12: გოგონაძე | C12: საბა | D12: =COUNT(F12:DT12) -> 62 | E12: =D12/C5 -> 0.56363636 | F12: 0 | G12: 0 | H12: 0 | I12: 0 | J12: 0 | T12: 0 | U12: 0 | X12: 0 | Y12: 0 | Z12: 0 | AB12: 0 | AF12: 0 | AH12: 0 | AI12: 0 | AJ12: 0 | AL12: 0 | AM12: 0 | AZ12: 0 | BA12: 0 | BB12: 0 | BC12: 0 | BI12: 0 | BR12: 0 | BV12: 0 | BW12: 0 | BZ12: 0 | CA12: 0 | CB12: 0 | CC12: 0 | CD12: 0 | CE12: 0 | CF12: 0 | CJ12: 0 | CK12: 0 | CL12: 0 | CM12: 0 | CN12: 0 | CO12: 0 | CP12: 0 | CQ12: 0 | CX12: 0 | CY12: 0 | CZ12: 0 | DA12: 0 | DC12: 0 | DD12: 0 | DE12: 0 | DF12: 0 | DG12: 0 | DH12: 0 | DI12: 0 | DJ12: 0 | DK12: 0 | DL12: 0 | DM12: 0 | DN12: 0 | DO12: 0 | DP12: 0 | DQ12: 0 | DR12: 0 | DS12: 0 | DT12: 0
A13: 4 | B13: ზუბიტაშვილი | C13: ქრისტინე | D13: =COUNT(F13:DT13) -> 81 | E13: =D13/C5 -> 0.73636364 | F13: 0 | G13: 0 | H13: 0 | I13: 0 | J13: 0 | K13: 0 | L13: 0 | T13: 0 | U13: 0 | V13: 0 | Z13: 0 | AB13: 0 | AC13: 0 | AD13: 0 | AE13: 0 | AF13: 0 | AG13: 0 | AH13: 0 | AI13: 0 | AJ13: 0 | AX13: 0 | AY13: 0 | BD13: 0 | BF13: 0 | BG13: 0 | BH13: 0 | BI13: 0 | BR13: 0 | BS13: 0 | BT13: 0 | BU13: 0 | BV13: 0 | BW13: 0 | BX13: 0 | BY13: 0 | BZ13: 0 | CA13: 0 | CB13: 0 | CC13: 0 | CD13: 0 | CE13: 0 | CF13: 0 | CG13: 0 | CH13: 0 | CI13: 0 | CJ13: 0 | CK13: 0 | CL13: 0 | CM13: 0 | CN13: 0 | CO13: 0 | CP13: 0 | CQ13: 0 | CR13: 0 | CS13: 0 | CT13: 0 | CU13: 0 | CV13: 0 | CW13: 0 | CX13: 0 | CY13: 0 | CZ13: 0 | DA13: 0 | DC13: 0 | DD13: 0 | DE13: 0 | DF13: 0 | DG13: 0 | DH13: 0 | DI13: 0 | DJ13: 0 | DK13: 0 | DL13: 0 | DM13: 0 | DN13: 0 | DO13: 0 | DP13: 0 | DQ13: 0 | DR13: 0 | DS13: 0 | DT13: 0
A14: 6 | B14: კოტოიანი | C14: დენიელ | D14: =COUNT(F14:DT14) -> 82 | E14: =D14/C5 -> 0.74545455 | F14: 0 | G14: 0 | H14: 0 | I14: 0 | J14: 0 | K14: 0 | L14: 0 | T14: 0 | U14: 0 | Z14: 0 | AA14: 0 | AB14: 0 | AF14: 0 | AG14: 0 | AH14: 0 | AI14: 0 | AJ14: 0 | AL14: 0 | AM14: 0 | AN14: 0 | AO14: 0 | AP14: 0 | AQ14: 0 | AT14: 0 | AU14: 0 | AV14: 0 | AW14: 0 | AX14: 0 | AY14: 0 | AZ14: 0 | BA14: 0 | BB14: 0 | BC14: 0 | BD14: 0 | BE14: 0 | BF14: 0 | BG14: 0 | BH14: 0 | BI14: 0 | BJ14: 0 | BK14: 0 | BR14: 0 | BS14: 0 | BT14: 0 | BU14: 0 | BV14: 0 | BW14: 0 | BX14: 0 | BY14: 0 | BZ14: 0 | CA14: 0 | CB14: 0 | CC14: 0 | CD14: 0 | CE14: 0 | CF14: 0 | CG14: 0 | CH14: 0 | CJ14: 0 | CK14: 0 | CQ14: 0 | CR14: 0 | CS14: 0 | CT14: 0 | CU14: 0 | CV14: 0 | CW14: 0 | CX14: 0 | CY14: 0 | CZ14: 0 | DA14: 0 | DJ14: 0 | DK14: 0 | DL14: 0 | DM14: 0 | DN14: 0 | DO14: 0 | DP14: 0 | DQ14: 0 | DR14: 0 | DS14: 0 | DT14: 0
A15: 7 | B15: მაისურაძე | C15: დავითი | D15: =COUNT(F15:DT15) -> 29 | E15: =D15/C5 -> 0.26363636 | G15: 0 | H15: 0 | I15: 0 | J15: 0 | K15: 0 | X15: 0 | Y15: 0 | Z15: 0 | AB15: 0 | AC15: 0 | AD15: 0 | AE15: 0 | AH15: 0 | AI15: 0 | AJ15: 0 | AR15: 0 | AS15: 0 | AX15: 0 | AY15: 0 | BR15: 0 | BX15: 0 | BY15: 0 | BZ15: 0 | CA15: 0 | CB15: 0 | CC15: 0 | CG15: 0 | CH15: 0 | CX15: 0
A16: 8 | B16: ჟორჟოლიანი | C16: დაჩი | D16: =COUNT(F16:DT16) -> 78 | E16: =D16/C5 -> 0.70909091 | F16: 0 | T16: 0 | U16: 0 | Z16: 0 | AA16: 0 | AB16: 0 | AC16: 0 | AD16: 0 | AF16: 0 | AH16: 0 | AI16: 0 | AJ16: 0 | AL16: 0 | AM16: 0 | AN16: 0 | AR16: 0 | AS16: 0 | AX16: 0 | AY16: 0 | BD16: 0 | BE16: 0 | BF16: 0 | BG16: 0 | BH16: 0 | BI16: 0 | BJ16: 0 | BK16: 0 | BL16: 0 | BM16: 0 | BN16: 0 | BO16: 0 | BR16: 0 | BS16: 0 | BT16: 0 | BU16: 0 | BV16: 0 | BW16: 0 | BX16: 0 | BY16: 0 | BZ16: 0 | CA16: 0 | CB16: 0 | CC16: 0 | CD16: 0 | CE16: 0 | CF16: 0 | CG16: 0 | CH16: 0 | CI16: 0 | CJ16: 0 | CK16: 0 | CL16: 0 | CM16: 0 | CN16: 0 | CO16: 0 | CP16: 0 | CX16: 0 | CY16: 0 | CZ16: 0 | DA16: 0 | DC16: 0 | DD16: 0 | DE16: 0 | DF16: 0 | DG16: 0 | DH16: 0 | DI16: 0 | DJ16: 0 | DK16: 0 | DL16: 0 | DM16: 0 | DN16: 0 | DO16: 0 | DP16: 0 | DQ16: 0 | DR16: 0 | DS16: 0 | DT16: 0
A17: 10 | B17: სამაკაშვილი | C17: სანდრო | D17: =COUNT(F17:DT17) -> 59 | E17: =D17/C5 -> 0.53636364 | G17: 0 | H17: 0 | I17: 0 | J17: 0 | K17: 0 | T17: 0 | AB17: 0 | AC17: 0 | AD17: 0 | AE17: 0 | AH17: 0 | AN17: 0 | AO17: 0 | AP17: 0 | AQ17: 0 | AX17: 0 | BD17: 0 | BE17: 0 | BL17: 0 | BV17: 0 | BW17: 0 | BX17: 0 | BY17: 0 | BZ17: 0 | CA17: 0 | CB17: 0 | CD17: 0 | CJ17: 0 | CK17: 0 | CP17: 0 | CQ17: 0 | CR17: 0 | CS17: 0 | CT17: 0 | CU17: 0 | CV17: 0 | CW17: 0 | CX17: 0 | CY17: 0 | CZ17: 0 | DA17: 0 | DC17: 0 | DD17: 0 | DE17: 0 | DF17: 0 | DG17: 0 | DH17: 0 | DI17: 0 | DJ17: 0 | DK17: 0 | DL17: 0 | DM17: 0 | DN17: 0 | DO17: 0 | DP17: 0 | DQ17: 0 | DR17: 0 | DS17: 0 | DT17: 0
A18: 11 | B18: წიგნაძე | C18: საბა | D18: =COUNT(F18:DT18) -> 60 | E18: =D18/C5 -> 0.54545455 | F18: 0 | H18: 0 | I18: 0 | J18: 0 | K18: 0 | L18: 0 | T18: 0 | U18: 0 | W18: 0 | X18: 0 | Y18: 0 | Z18: 0 | AA18: 0 | AB18: 0 | AF18: 0 | AH18: 0 | AI18: 0 | AJ18: 0 | AK18: 0 | AR18: 0 | AX18: 0 | AY18: 0 | AZ18: 0 | BA18: 0 | BB18: 0 | BC18: 0 | BF18: 0 | BJ18: 0 | BK18: 0 | BL18: 0 | BM18: 0 | BN18: 0 | BO18: 0 | BR18: 0 | CC18: 0 | CE18: 0 | CF18: 0 | CG18: 0 | CH18: 0 | CJ18: 0 | CK18: 0 | CL18: 0 | CM18: 0 | CN18: 0 | CO18: 0 | CX18: 0 | CY18: 0 | CZ18: 0 | DA18: 0 | DJ18: 0 | DK18: 0 | DL18: 0 | DM18: 0 | DN18: 0 | DO18: 0 | DP18: 0 | DQ18: 0 | DR18: 0 | DS18: 0 | DT18: 0
A19: 11 | D19: =COUNT(F19:DT19) -> 0
A20: 12 | D20: =COUNT(F20:DT20) -> 0
A21: 13 | D21: =COUNT(F21:DT21) -> 0
A22: 14 | D22: =COUNT(F22:DT22) -> 0
A23: 15 | D23: =COUNT(F23:DT23) -> 0
A24: 16 | D24: =COUNT(F24:DT24) -> 0
A25: 17 | D25: =COUNT(F25:DT25) -> 0
A26: 18 | D26: =COUNT(F26:DT26) -> 0
F27: =SUM(F1:S1) -> 14 | T27: =SUM(T1:AW1) -> 30 | AX27: =SUM(AX1:CD1) -> 31 | CE27: =COLUMNS(CF2:DT7) -> 41
E29: =SUM(E11:E18)/8 -> 0.52954545 | AK29: გავაცდინე ეს საათი
AK30: წინა მასწავლებელმა ჩაატარა
AK31: დადასტურება

Sheet გაცდენები
D2: გაცდენების რაოდენობა
A3: N | B3: სახელი გვარი | D3: მარტი | E3: აპრილი | F3: მაისი | G3: ივნისი | H3: ივლისი
A5: 1 | B5: ბერიაშვილი | C5: ცოტნე | D5: =COUNTIF(cms!F11:G11,0) -> 1 | E5: =COUNTIF(cms!H11:Y11,0) -> 3 | F5: =COUNTIF(cms!Z11:AY11,0) -> 6 | G5: =COUNTIF(cms!AZ11:BU11,0) -> 4
A6: 2 | B6: ბუზალაძე | C6: ანანო | D6: =COUNTIF(cms!#REF!,0) -> #REF! | E6: =COUNTIF(cms!#REF!,0) -> #REF! | F6: =COUNTIF(cms!#REF!,0) -> #REF! | G6: =COUNTIF(cms!#REF!,0) -> #REF!
A7: 3 | B7: გოგონაძე | C7: საბა | D7: =COUNTIF(cms!F12:G12,0) -> 2 | E7: =COUNTIF(cms!H12:Y12,0) -> 7 | F7: =COUNTIF(cms!Z12:AY12,0) -> 8 | G7: =COUNTIF(cms!AZ12:BU12,0) -> 6
A8: 4 | B8: ზუბიტაშვილი | C8: ქრისტინე | D8: =COUNTIF(cms!F13:G13,0) -> 2 | E8: =COUNTIF(cms!H13:Y13,0) -> 8 | F8: =COUNTIF(cms!Z13:AY13,0) -> 12 | G8: =COUNTIF(cms!AZ13:BU13,0) -> 9
A9: 5 | B9: კენჭიაშვილი | C9: ბექა | D9: =COUNTIF(cms!#REF!,0) -> #REF! | E9: =COUNTIF(cms!#REF!,0) -> #REF! | F9: =COUNTIF(cms!#REF!,0) -> #REF! | G9: =COUNTIF(cms!#REF!,0) -> #REF!
A10: 6 | B10: კოტოიანი | C10: დენიელ | D10: =COUNTIF(cms!F14:G14,0) -> 2 | E10: =COUNTIF(cms!H14:Y14,0) -> 7 | F10: =COUNTIF(cms!Z14:AY14,0) -> 20 | G10: =COUNTIF(cms!AZ14:BU14,0) -> 16
A11: 7 | B11: მაისურაძე | C11: დავითი | D11: =COUNTIF(cms!F15:G15,0) -> 1 | E11: =COUNTIF(cms!H15:Y15,0) -> 6 | F11: =COUNTIF(cms!Z15:AY15,0) -> 12 | G11: =COUNTIF(cms!AZ15:BU15,0) -> 1
A12: 8 | B12: ჟორჟოლიანი | C12: დაჩი | D12: =COUNTIF(cms!F16:G16,0) -> 1 | E12: =COUNTIF(cms!H16:Y16,0) -> 2 | F12: =COUNTIF(cms!Z16:AY16,0) -> 16 | G12: =COUNTIF(cms!AZ16:BU16,0) -> 16
A13: 9 | B13: საკნელაშვილი | C13: თამარ | D13: =COUNTIF(cms!#REF!,0) -> #REF! | E13: =COUNTIF(cms!#REF!,0) -> #REF! | F13: =COUNTIF(cms!#REF!,0) -> #REF! | G13: =COUNTIF(cms!#REF!,0) -> #REF!
A14: 10 | B14: სამაკაშვილი | C14: სანდრო | D14: =COUNTIF(cms!F17:G17,0) -> 1 | E14: =COUNTIF(cms!H17:Y17,0) -> 5 | F14: =COUNTIF(cms!Z17:AY17,0) -> 10 | G14: =COUNTIF(cms!AZ17:BU17,0) -> 3
A15: 11 | B15: წიგნაძე | C15: საბა | D15: =COUNTIF(cms!F18:G18,0) -> 1 | E15: =COUNTIF(cms!H18:Y18,0) -> 10 | F15: =COUNTIF(cms!Z18:AY18,0) -> 11 | G15: =COUNTIF(cms!AZ18:BU18,0) -> 12
A16: 11
A17: 12
A18: 13
A19: 14
A20: 15
A21: 16
A22: 17
A23: 18
