Workbook

Sheet html&css
A1: ვებტექნოლოგიები, ჯგუფი: 09-2026 | F1: 5 | K1: 4 | O1: 6 | U1: 4 | Y1: 5 | AD1: 4 | AH1: 6 | AN1: 6 | AT1: 4 | FJ1: =SUM(F1:FI1) -> 44
E2: რიცხვი | F2: 46307 | G2: 46307 | H2: 46307 | I2: 46307 | J2: 46307 | K2: 46308 | L2: 46308 | M2: 46308 | N2: 46308 | O2: 46310 | P2: 46310 | Q2: 46310 | R2: 46310 | S2: 46310 | T2: 46310 | U2: 46311 | V2: 46311 | W2: 46311 | X2: 46311 | Y2: 46314 | Z2: 46314 | AA2: 46314 | AB2: 46314 | AC2: 46314 | AD2: 46315 | AE2: 46315 | AF2: 46315 | AG2: 46315 | AH2: 46316 | AI2: 46316 | AJ2: 46316 | AK2: 46316 | AL2: 46316 | AM2: 46316 | AN2: 46317 | AO2: 46317 | AP2: 46317 | AQ2: 46317 | AR2: 46317 | AS2: 46317 | AT2: 46318 | AU2: 46318 | AV2: 46318 | AW2: 46318
A3: ვებგვერდის მარკირება და სტილებით გაფორმება, 7კრედიტი, 06.1.1.1
A4: პროფესიული განათლების მასწავლებელი | C4: ლევან ჭუმბურიძე
A5: საკონტაქტო საათები | C5: 140
A6: შეფასება | C6: 25
A7: დამოუკიდებელი | C7: 10
A8: სულ-საათების ჯამური რაოდენობა | C8: =SUM(C5:D7) -> 175 | F8: 1 | G8: 2 | H8: 3 | I8: 4 | J8: 5 | K8: 6 | L8: 7 | M8: 8 | N8: 9 | O8: 10 | P8: 11 | Q8: 12 | R8: 13 | S8: 14 | T8: 15 | U8: 16 | V8: 17 | W8: 18 | X8: 19 | Y8: 20 | Z8: 21 | AA8: 22 | AB8: 23 | AC8: 24 | AD8: 25 | AE8: 26 | AF8: 27 | AG8: 28 | AH8: 29 | AI8: 30 | AJ8: 31 | AK8: 32 | AL8: 33 | AM8: 34 | AN8: 35 | AO8: 36 | AP8: 37 | AQ8: 38 | AR8: 39 | AS8: 40 | AT8: 41 | AU8: 42 | AV8: 43 | AW8: 44 | AX8: 45 | AY8: 46 | AZ8: 47 | BA8: 48 | BB8: 49 | BC8: 50 | BD8: 51 | BE8: 52 | BF8: 53 | BG8: 54 | BH8: 55 | BI8: 56 | BJ8: 57 | BK8: 58 | BL8: 59 | BM8: 60 | BN8: 61 | BO8: 62 | BP8: 63 | BQ8: 64 | BR8: 65 | BS8: 66 | BT8: 67 | BU8: 68 | BV8: 69 | BW8: 70 | BX8: 71 | BY8: 72 | BZ8: 73 | CA8: 74 | CB8: 75 | CC8: 76 | CD8: 77 | CE8: 78 | CF8: 79 | CG8: 80 | CH8: 81 | CI8: 82 | CJ8: 83 | CK8: 84 | CL8: 85 | CM8: 86 | CN8: 87 | CO8: 88 | CP8: 89 | CQ8: 90 | CR8: 91 | CS8: 92 | CT8: 93 | CU8: 94 | CV8: 95 | CW8: 96 | CX8: 97 | CY8: 98 | CZ8: 99 | DA8: 100 | DB8: 101 | DC8: 102 | DD8: 103 | DE8: 104 | DF8: 105 | DG8: 106 | DH8: 107 | DI8: 108 | DJ8: 109 | DK8: 110 | DL8: 111 | DM8: 112 | DN8: 113 | DO8: 114 | DP8: 115 | DQ8: 116 | DR8: 117 | DS8: 118 | DT8: 119 | DU8: 120 | DV8: 121 | DW8: 122 | DX8: 123 | DY8: 124 | DZ8: 125 | EA8: 126 | EB8: 127 | EC8: 128 | ED8: 129 | EE8: 130 | EF8: 131 | EG8: 132 | EH8: 133 | EI8: 134 | EJ8: 135 | EK8: 136 | EL8: 137 | EM8: 138 | EN8: 139 | EO8: 140 | EP8: 141 | EQ8: 142 | ER8: 143 | ES8: 144 | ET8: 145 | EU8: 146 | EV8: 147 | EW8: 148 | EX8: 149 | EY8: 150 | EZ8: 151 | FA8: 152 | FB8: 153 | FC8: 154 | FD8: 155 | FE8: 156 | FF8: 157 | FG8: 158 | FH8: 159 | FI8: 160
A9: N | B9: სახელი გვარი | C9: გაცდენილი საათები
D10: სულ | E10: % | F10: 1 | G10: 1 | H10: 1 | I10: 1 | J10: 1 | K10: 1 | L10: 1 | M10: 1 | N10: 1 | O10: 1 | P10: 1 | Q10: 1 | R10: 1 | S10: 1 | T10: 1 | U10: 1 | V10: 1 | W10: 1 | X10: 1 | Y10: 1 | Z10: 1 | AA10: 1 | AB10: 1 | AC10: 1 | AD10: 1 | AE10: 1 | AF10: 1 | AG10: 1 | AH10: 1 | AI10: 1 | AJ10: 1 | AK10: 1 | AL10: 1 | AM10: 1 | AN10: 1 | AO10: 1 | AP10: 1 | AQ10: 1 | AR10: 1 | AS10: 1 | AT10: 1 | AU10: 1 | AV10: 1 | AW10: 1 | AX10: 1 | AY10: 1 | AZ10: 1 | BA10: 1 | BB10: 1 | BC10: 1 | BD10: 1 | BE10: 1 | BF10: 1 | BG10: 1 | BH10: 1 | BI10: 1 | BJ10: 1 | BK10: 1 | BL10: 1 | BM10: 1 | BN10: 1 | BO10: 1 | BP10: 1 | BQ10: 1 | BR10: 1 | BS10: 1 | BT10: 1 | BU10: 1 | BV10: 1 | BW10: 1 | BX10: 1 | BY10: 1 | BZ10: 1 | CA10: 1 | CB10: 1 | CC10: 1 | CD10: 1 | CE10: 1 | CF10: 1 | CG10: 1 | CH10: 1 | CI10: 1 | CJ10: 1 | CK10: 1 | CL10: 1 | CM10: 1 | CN10: 1 | CO10: 1 | CP10: 1 | CQ10: 1 | CR10: 1 | CS10: 1 | CT10: 1 | CU10: 1 | CV10: 1 | CW10: 1 | CX10: 1 | CY10: 1 | CZ10: 1 | DA10: 1 | DB10: 1 | DC10: 1 | DD10: 1 | DE10: 1 | DF10: 1 | DG10: 1 | DH10: 1 | DI10: 1 | DJ10: 1 | DK10: 1 | DL10: 1 | DM10: 1 | DN10: 1 | DO10: 1 | DP10: 1 | DQ10: 1 | DR10: 1 | DS10: 1 | DT10: 1 | DU10: 1 | DV10: 1 | DW10: 1 | DX10: 1 | DY10: 1 | DZ10: 1 | EA10: 1 | EB10: 1 | EC10: 1 | ED10: 1 | EE10: 1 | EF10: 1 | EG10: 1 | EH10: 1 | EI10: 1 | EJ10: 1 | EK10: 1 | EL10: 1 | EM10: 1 | EN10: 1 | EO10: 1 | EP10: 1 | EQ10: 1 | ER10: 1 | ES10: 1 | ET10: 1 | EU10: 1 | EV10: 1 | EW10: 1 | EX10: 1 | EY10: 1 | EZ10: 1 | FA10: 1 | FB10: 1 | FC10: 1 | FD10: 1 | FE10: 1 | FF10: 1 | FG10: 1 | FH10: 1 | FI10: 1
A11: 1 | B11: ბექა | C11: ბერიშვილი | D11: =COUNT(F11:FI11) -> 0 | E11: =D11/C5 -> 0
A12: 3 | B12: გოგონაძე | C12: საბა | D12: =COUNT(F12:FI12) -> 0 | E12: =D12/C5 -> 0
A13: 4 | B13: ზუბიტაშვილი | C13: ქრისტინე | D13: =COUNT(F13:FI13) -> 0 | E13: =D13/C5 -> 0
A14: 6 | B14: კოტოიანი | C14: დენიელ | D14: =COUNT(F14:FI14) -> 0 | E14: =D14/C5 -> 0
A15: 7 | B15: მაისურაძე | C15: დავითი | D15: =COUNT(F15:FI15) -> 0 | E15: =D15/C5 -> 0
A16: 8 | B16: ჟორჟოლიანი | C16: დაჩი | D16: =COUNT(F16:FI16) -> 0 | E16: =D16/C5 -> 0
A17: 10 | B17: სამაკაშვილი | C17: სანდრო | D17: =COUNT(F17:FI17) -> 0 | E17: =D17/C5 -> 0
A18: 11 | B18: წიგნაძე | C18: საბა | D18: =COUNT(F18:FI18) -> 0 | E18: =D18/C5 -> 0
A19: 11 | D19: =COUNT(F19:FI19) -> 0
A20: 12 | D20: =COUNT(F20:FI20) -> 0
A21: 13 | D21: =COUNT(F21:FI21) -> 0
A22: 14 | D22: =COUNT(F22:FI22) -> 0
A23: 15 | D23: =COUNT(F23:FI23) -> 0
A24: 16 | D24: =COUNT(F24:FI24) -> 0
A25: 17 | D25: =COUNT(F25:FI25) -> 0
A26: 18 | D26: =COUNT(F26:FI26) -> 0
E29: =SUM(E11:E18)/8 -> 0 | AK29: გავაცდინე ეს საათი
AK30: წინა მასწავლებელმა ჩაატარა
AK31: დადასტურება

Sheet გაცდენები
D2: გაცდენების რაოდენობა
A3: N | B3: სახელი გვარი | D3: მარტი | E3: აპრილი | F3: მაისი | G3: ივნისი | H3: ივლისი
A5: 1 | B5: ბერიაშვილი | C5: ცოტნე | D5: =COUNTIF('html&css'!F11:G11,0) -> 0 | E5: =COUNTIF('html&css'!H11:Y11,0) -> 0 | F5: =COUNTIF('html&css'!Z11:AY11,0) -> 0 | G5: =COUNTIF('html&css'!AZ11:BU11,0) -> 0
A6: 3 | B6: გოგონაძე | C6: საბა | D6: =COUNTIF('html&css'!F12:G12,0) -> 0 | E6: =COUNTIF('html&css'!H12:Y12,0) -> 0 | F6: =COUNTIF('html&css'!Z12:AY12,0) -> 0 | G6: =COUNTIF('html&css'!AZ12:BU12,0) -> 0
A7: 4 | B7: ზუბიტაშვილი | C7: ქრისტინე | D7: =COUNTIF('html&css'!F13:G13,0) -> 0 | E7: =COUNTIF('html&css'!H13:Y13,0) -> 0 | F7: =COUNTIF('html&css'!Z13:AY13,0) -> 0 | G7: =COUNTIF('html&css'!AZ13:BU13,0) -> 0
A8: 6 | B8: კოტოიანი | C8: დენიელ | D8: =COUNTIF('html&css'!F14:G14,0) -> 0 | E8: =COUNTIF('html&css'!H14:Y14,0) -> 0 | F8: =COUNTIF('html&css'!Z14:AY14,0) -> 0 | G8: =COUNTIF('html&css'!AZ14:BU14,0) -> 0
A9: 7 | B9: მაისურაძე | C9: დავითი | D9: =COUNTIF('html&css'!F15:G15,0) -> 0 | E9: =COUNTIF('html&css'!H15:Y15,0) -> 0 | F9: =COUNTIF('html&css'!Z15:AY15,0) -> 0 | G9: =COUNTIF('html&css'!AZ15:BU15,0) -> 0
A10: 8 | B10: ჟორჟოლიანი | C10: დაჩი | D10: =COUNTIF('html&css'!F16:G16,0) -> 0 | E10: =COUNTIF('html&css'!H16:Y16,0) -> 0 | F10: =COUNTIF('html&css'!Z16:AY16,0) -> 0 | G10: =COUNTIF('html&css'!AZ16:BU16,0) -> 0
A11: 10 | B11: სამაკაშვილი | C11: სანდრო | D11: =COUNTIF('html&css'!F17:G17,0) -> 0 | E11: =COUNTIF('html&css'!H17:Y17,0) -> 0 | F11: =COUNTIF('html&css'!Z17:AY17,0) -> 0 | G11: =COUNTIF('html&css'!AZ17:BU17,0) -> 0
A12: 11 | B12: წიგნაძე | C12: საბა | D12: =COUNTIF('html&css'!F18:G18,0) -> 0 | E12: =COUNTIF('html&css'!H18:Y18,0) -> 0 | F12: =COUNTIF('html&css'!Z18:AY18,0) -> 0 | G12: =COUNTIF('html&css'!AZ18:BU18,0) -> 0
A13: 11
A14: 12
A15: 13
A16: 14
A17: 15
A18: 16
A19: 17
A20: 18
